sale_id,sale_date,model,model_family,model_year,sale_price_usd,mileage_mi,payment_method,city,state,delivery_status,status_group
6,INVALID,718 Cayman,718,2022,79500.0,9800,Credit Card,Boston,MA,Delivered,Entregue
7,2024-03-14,911 Turbo S,911,2024,235000.0,1200,Wire Transfer,Seattle,WA,Delivered,Entregue
8,2024-04-18,Cayenne Coupe,Cayenne,2023,112750.0,6400,Financing,Austin,TX,In Transit,Em andamento
9,INVALID,Macan S,Macan,2021,68900.0,28,Cash,Denver,CO,Pending,Em andamento
10,2024-05-22,Taycan 4S,Taycan,2024,121000.0,0,Bank Transfer,Los Angeles,CA,Delivered,Entregue
11,2024-08-06,Panamera 4,Panamera,2023,104500.0,14500,Credit Card,Miami,FL,Cancelled,Cancelada
12,2024-07-11,911 Carrera S,911,2020,96300.0,41000,Lease,New York,NY,Delivered,Entregue
13,INVALID,Cayenne E-Hybrid,Cayenne,2022,89750.0,11744,Wire Transfer,San Diego,CA,Pending Approval,Em andamento
14,2024-08-19,718 Boxster,718,2021,73500.0,22300,Debit Card,Chicago,IL,Shipped,Em andamento
15,2024-09-02,Macan GTS,Macan,2024,95000.0,3500,Financing,Phoenix,AZ,In Transit,Em andamento
16,2024-09-17,Taycan Turbo,Taycan,2023,153200.5,11,ACH Payment,Dallas,TX,Delivered,Entregue
17,INVALID,911 GT3,911,2024,241000.0,750,Wire Transfer,Las Vegas,NV,Pending,Em andamento
18,2024-05-11,Panamera Turbo S,Panamera,2022,132000.0,19250,Cash,San Jose,CA,Delivered,Entregue
19,2024-12-12,Cayenne Turbo GT,Cayenne,2024,188000.0,2100,Crypto Payment,Houston,TX,Awaiting Delivery,Em andamento
20,2024-12-25,911 Carrera Cabriolet,911,2023,127800.0,12000,Credit Card,Atlanta,GA,Delivered,Entregue
21,2025-01-06,Macan,Macan,2021,58900.0,33700,Bank Transfer,Orlando,FL,Pending,Em andamento
22,INVALID,718 Spyder RS,718,2024,164000.0,900,Financing,Portland,OR,In Transit,Em andamento
23,2025-02-14,Taycan Cross Turismo,Taycan,2023,118500.0,7800,Wire Transfer,Charlotte,NC,Delivered,Entregue
24,INVALID,Cayenne S,Cayenne,2022,91300.0,16000,Credit Card,Nashville,TN,Pending,Em andamento
25,2025-03-21,911 Targa 4S,911,2024,158750.0,2500,Lease,Minneapolis,MN,Delivered,Entregue
26,2025-03-28,Panamera,Panamera,2020,72000.0,49000,Bank Transfer,Philadelphia,PA,Cancelled,Cancelada
27,2025-04-09,Macan Electric,Macan,2025,86500.0,0,Wire Transfer,San Antonio,TX,Delivered,Entregue
28,INVALID,911 Dakar,911,2024,270000.0,1050,Cash,Salt Lake City,UT,Awaiting Pickup,Em andamento
29,2025-05-12,Taycan GTS,Taycan,2023,139000.0,6250,Financing,Raleigh,NC,In Transit,Em andamento
30,2025-06-18,Cayenne,Cayenne,2021,76800.0,38400,Credit Card,Detroit,MI,Delivered,Entregue
31,INVALID,718 Cayman GT4 RS,718,2024,173600.0,400,Wire Transfer,Columbus,OH,Pending,Em andamento
32,2025-07-07,911 Carrera GTS,911,2022,119900.0,13600,Cash,Indianapolis,IN,Delivered,Entregue
33,2025-07-22,Panamera 4 E-Hybrid,Panamera,2023,109250.0,8900,Lease,Fort Worth,TX,In Transit,Em andamento
34,2025-08-14,Macan T,Macan,2022,82000.0,21750,Wire Transfer,Jacksonville,FL,Delivered,Entregue
35,2025-09-01,Taycan Turbo S,Taycan,2025,214000.0,0,Crypto Payment,San Diego,CA,Pending Review,Em andamento
36,INVALID,911 Carrera,911,2024,124500.0,4800,Credit Card,Tampa,FL,Delivered,Entregue
37,2025-09-18,Cayenne S,Cayenne,2023,98200.0,12200,Bank Transfer,Sacramento,CA,Pending,Em andamento
38,2025-10-04,Macan,Macan,2022,67500.0,24100,Financing,Cleveland,OH,Delivered,Entregue
39,2025-10-12,Taycan,Taycan,2025,116900.0,0,Wire Transfer,Milwaukee,WI,In Transit,Em andamento
40,2025-10-29,Panamera 4S,Panamera,2024,112000.0,10,Cash,Kansas City,MO,Delivered,Entregue
41,2025-02-11,718 Boxster,718,2021,74000.0,31000,Debit Card,Omaha,NE,Cancelled,Cancelada
42,2025-11-16,911 Turbo,911,2024,198300.0,2400,Wire Transfer,Albuquerque,NM,Awaiting Delivery,Em andamento
43,INVALID,Cayenne Coupe,Cayenne,2023,103750.0,6773,Wire Transfer,Tucson,AZ,Pending Approval,Em andamento
44,INVALID,Macan GTS,Macan,2024,93600.0,5800,Financing,Fresno,CA,Shipped,Em andamento
45,2025-12-07,Taycan 4S,Taycan,2025,129000.0,0,ACH Payment,Virginia Beach,VA,In Transit,Em andamento
46,2025-12-22,Panamera Turbo,Panamera,2022,136000.0,18400,Credit Card,Colorado Springs,CO,Delivered,Entregue
47,INVALID,911 GT3 RS,911,2024,286500.0,700,Wire Transfer,Arlington,TX,Pending,Em andamento
48,2026-01-08,Cayenne E-Hybrid,Cayenne,2023,92800.0,15000,Lease,Bakersfield,CA,Delivered,Entregue
49,2026-01-15,Macan T,Macan,2022,72400.0,19750,Cash,Mesa,AZ,Awaiting Pickup,Em andamento
50,2026-01-28,Taycan Turbo,Taycan,2025,158500.0,3200,Crypto Payment,Atlanta,GA,Delivered,Entregue
51,2026-02-03,718 Cayman,718,2021,69900.0,27600,Bank Transfer,Long Beach,CA,Pending,Em andamento
52,INVALID,911 Targa 4,911,2024,141250.0,2100,Financing,Oakland,CA,In Transit,Em andamento
53,2026-02-19,Panamera,Panamera,2020,71500.0,52000,Wire Transfer,Tulsa,OK,Delivered,Entregue
54,2026-02-25,Cayenne Turbo,Cayenne,2023,146800.0,11300,Credit Card,Wichita,KS,Pending,Em andamento
55,2026-03-01,Macan Electric,Macan,2025,89700.0,0,Lease,New Orleans,LA,Delivered,Entregue
56,2026-03-14,911 Carrera S,911,2022,104600.0,15900,Bank Transfer,Honolulu,HI,Cancelled,Cancelada
57,INVALID,Taycan GTS,Taycan,2024,142000.0,6600,Wire Transfer,Anaheim,CA,Delivered,Entregue
58,2026-04-08,Cayenne,Cayenne,2021,78400.0,40250,Cash,Henderson,NV,Awaiting Review,Em andamento
59,INVALID,718 Spyder RS,718,2025,169000.0,850,Financing,Lexington,KY,In Transit,Em andamento
60,2026-04-21,911 Dakar,911,2024,268900.0,1400,Credit Card,Riverside,CA,Delivered,Entregue
61,2026-04-29,Panamera 4,Panamera,2023,101300.0,12700,Wire Transfer,Corpus Christi,TX,Pending,Em andamento
62,2026-05-05,Macan S,Macan,2021,66750.0,29800,Cash,St. Louis,MO,Delivered,Entregue
63,2026-05-14,Taycan Cross Turismo,Taycan,2024,127900.0,7500,Lease,Pittsburgh,PA,In Transit,Em andamento
64,2026-05-23,Cayenne Turbo GT,Cayenne,2025,200000.0,1950,Wire Transfer,Cincinnati,OH,Delivered,Entregue
65,2026-06-02,911 Carrera Cabriolet,911,2023,132000.0,8800,Crypto Payment,Anchorage,AK,Pending Review,Em andamento
66,2026-06-15,718 Cayman GT4 RS,718,2024,176400.0,600,Credit Card,Plano,TX,Delivered,Entregue
67,INVALID,Panamera 4 E-Hybrid,Panamera,2022,108500.0,16200,Bank Transfer,Newark,NJ,Cancelled,Cancelada
68,2026-07-07,Macan,Macan,2021,59000.0,36000,Financing,Greensboro,NC,Awaiting Delivery,Em andamento
69,2026-07-20,Taycan Turbo S,Taycan,2025,218000.0,0,Wire Transfer,Lincoln,NE,Pending,Em andamento
70,INVALID,Cayenne S,Cayenne,2024,99950.0,5300,Debit Card,Jersey City,NJ,Delivered,Entregue
71,2026-04-08,911 Carrera GTS,911,2024,121750.0,5872,Credit Card,Chandler,AZ,Delivered,Entregue
72,2026-08-18,718 Boxster GTS,718,2023,91500.0,13300,Lease,Reno,NV,Shipped,Em andamento
73,2026-08-31,Panamera Turbo S,Panamera,2022,134000.0,20100,Wire Transfer,Buffalo,NY,In Transit,Em andamento
74,2026-09-09,Macan GTS,Macan,2024,96800.0,0,ACH Payment,Durham,NC,Delivered,Entregue
75,2026-09-17,Taycan 4S,Taycan,2025,131600.0,2900,Wire Transfer,Laredo,TX,Pending Approval,Em andamento
76,2026-09-28,Cayenne E-Hybrid,Cayenne,2023,94300.0,13100,Cash,Madison,WI,Delivered,Entregue
77,2026-10-06,911 Turbo S,911,2025,242000.0,1100,Crypto Payment,Lubbock,TX,Awaiting Pickup,Em andamento
78,2026-10-16,718 Cayman S,718,2022,82750.0,22500,Credit Card,Toledo,OH,Cancelled,Cancelada
79,2026-10-29,Macan Electric,Macan,2026,91300.0,0,Wire Transfer,Irvine,CA,Delivered,Entregue
80,2026-11-03,Panamera,Panamera,2021,79900.0,44800,Financing,Garland,TX,Pending,Em andamento
81,INVALID,Cayenne Coupe,Cayenne,2024,111000.0,6700,Bank Transfer,Irving,TX,In Transit,Em andamento
82,2026-12-11,911 Targa 4S,911,2023,156500.0,4200,Cash,Chesapeake,VA,Delivered,Entregue
83,2026-12-24,Taycan,Taycan,2025,119900.0,1250,Lease,Scottsdale,AZ,Pending,Em andamento
84,INVALID,Macan T,Macan,2022,73200.0,18600,Wire Transfer,Norfolk,VA,Delivered,Entregue
85,2026-12-28,911 GT3,911,2024,224000.0,3000,Wire Transfer,Boise,ID,Awaiting Delivery,Em andamento
86,2027-01-15,911 Carrera,911,2024,126900.0,7200,Credit Card,Orlando,FL,Delivered,Entregue
87,2027-01-29,Cayenne,Cayenne,2023,84500.0,21400,Bank Transfer,San Jose,CA,Pending,Em andamento
88,2027-02-11,Macan S,Macan,2022,69800.0,26300,Financing,Tampa,FL,Delivered,Entregue
89,INVALID,Taycan 4S,Taycan,2025,132700.0,0,Wire Transfer,Denver,CO,In Transit,Em andamento
90,2027-03-05,Panamera,Panamera,2021,81000.0,42,Cash,Austin,TX,Delivered,Entregue
91,2027-03-18,718 Cayman,718,2023,78900.0,17500,Debit Card,Seattle,WA,Cancelled,Cancelada
92,2027-04-02,911 Turbo S,911,2026,249300.0,900,Wire Transfer,Boston,MA,Awaiting Delivery,Em andamento
93,INVALID,Cayenne Coupe,Cayenne,2024,108750.0,5530,Wire Transfer,Phoenix,AZ,Pending Approval,Em andamento
94,INVALID,Macan Electric,Macan,2026,92600.0,0,Financing,Chicago,IL,Shipped,Em andamento
95,2027-05-12,Taycan Turbo,Taycan,2025,164000.0,0,ACH Payment,Dallas,TX,In Transit,Em andamento
96,2027-05-27,Panamera 4S,Panamera,2024,119000.0,13400,Credit Card,San Francisco,CA,Delivered,Entregue
97,INVALID,911 GT3,911,2026,232500.0,1700,Wire Transfer,Las Vegas,NV,Pending,Em andamento
98,2027-06-18,Cayenne E-Hybrid,Cayenne,2023,96800.0,14000,Lease,Charlotte,NC,Delivered,Entregue
99,2027-07-03,Macan T,Macan,2022,74400.0,20750,Cash,Mesa,AZ,Awaiting Pickup,Em andamento
100,2027-07-22,Taycan GTS,Taycan,2025,148500.0,5200,Crypto Payment,Atlanta,GA,Delivered,Entregue
101,2027-08-08,718 Boxster,718,2021,71900.0,29600,Bank Transfer,Long Beach,CA,Pending,Em andamento
102,INVALID,911 Targa 4,911,2024,143250.0,3100,Financing,Oakland,CA,In Transit,Em andamento
103,2027-09-19,Panamera Turbo,Panamera,2020,137500.0,48000,Wire Transfer,Tulsa,OK,Delivered,Entregue
104,2027-09-25,Cayenne Turbo GT,Cayenne,2025,204800.0,3300,Credit Card,Wichita,KS,Pending,Em andamento
105,2027-10-01,911 Dakar,911,2024,271700.0,1050,Lease,New Orleans,LA,Delivered,Entregue
